-- Вставка даних у таблицю Hotel_Building
INSERT INTO Hotel_Building (ID_building, building_class, number_of_floors, total_rooms, services)
VALUES 
    (1, 'Трьохзірковий', 6, 50, 'Ресторан, Спа, Wi-Fi'),
    (2, 'Двозірковий', 4, 30, 'Басейн, Трансфер, Wi-Fi'),
    (3, 'П\'ятизірковий', 5, 40, 'Ресторан, Спа, Тренажерний зал'),
    (4, 'Однозірковий', 3, 20, 'Wi-Fi, Пральня'),
    (5, 'Чотиризірковий', 6, 60, 'Ресторан, Спа, Басейн, Трансфер');

-- Вставка даних у таблицю Room
INSERT INTO Room (ID_room, ID_building, room_type, floor, price)
VALUES 
    (101, 1, 'Одномісний', 3, 1500.00),
    (102, 1, 'Двомісний', 4, 2500.00),
    (103, 1, 'Люкс', 5, 4000.00),
    (104, 2, 'Одномісний', 2, 1600.00),
    (105, 2, 'Двомісний', 3, 2700.00),
    (106, 2, 'Напівлюкс', 4, 3500.00),
    (107, 3, 'Люкс', 5, 4500.00);

-- Вставка даних у таблицю Client
INSERT INTO Client (ID_client, fullname, contact_info)
VALUES 
    (1, 'Іванов Іван Іванович', '+380501234567'),
    (2, 'Петров Петро Петрович', '+380671234567'),
    (3, 'Сидорова Анна Сергіївна', '+380931234567'),
    (4, 'Коваленко Марія Іванівна', '+380991234567'),
    (5, 'Степаненко Олексій Вікторович', '+380681234567'),
    (6, 'Мельник Дарія Олександрівна', '+380661234568'),
    (7, 'Бондаренко Сергій Миколайович', '+380501234569');

-- Вставка даних у таблицю Organization
INSERT INTO Organization (ID_organization, name, org_type, discount)
VALUES 
    (1, 'Турфірма "Мандри"', 'Туристична', 5.50),
    (2, 'Компанія "Відпочинок"', 'Транспортна', 7.00),
    (3, 'Агенція "Світ Подорожей"', 'Туристична', 6.25),
    (4, 'Туроператор "Горизонт"', 'Організаційна', 4.75),
    (5, 'Фірма "Екскурс"', 'Розважальна', 8.00);

-- Вставка даних у таблицю Contract
INSERT INTO Contract (ID_contract, ID_organization, contract_date, expiry_date, discount)
VALUES 
    (1, 1, '2025-05-01 09:00:00', '2026-05-01 09:00:00', 5.50),
    (2, 2, '2025-06-01 10:00:00', '2026-06-01 10:00:00', 7.00),
    (3, 3, '2025-07-01 11:00:00', '2026-07-01 11:00:00', 6.25),
    (4, 4, '2025-08-01 12:00:00', '2026-08-01 12:00:00', 4.75),
    (5, 5, '2025-09-01 13:00:00', '2026-09-01 13:00:00', 8.00),
    (6, 1, '2025-10-01 14:00:00', '2026-10-01 14:00:00', 5.50),
    (7, 2, '2025-11-01 15:00:00', '2026-11-01 15:00:00', 7.00);

-- Вставка даних у таблицю Additional_Service
INSERT INTO Additional_Service (ID_service, service_type, price)
VALUES 
    (1, 'Сніданок', 200.00),
    (2, 'Трансфер', 500.00),
    (3, 'Екскурсія', 1000.00),
    (4, 'Спа-процедури', 1500.00),
    (5, 'Прокат велосипедів', 300.00),
    (6, 'Пральня', 400.00);

-- Вставка даних у таблицю Booking
INSERT INTO Booking (ID_booking, ID_client, ID_room, ID_contract, check_in_date, check_out_date, number_of_people, total_price)
VALUES 
    (1, 1, 101, 1, '2025-05-15 14:00:00', '2025-05-20 12:00:00', 1, 7500.00),
    (2, 2, 102, 2, '2025-06-01 14:00:00', '2025-06-05 12:00:00', 2, 10000.00),
    (3, 3, 103, 3, '2025-07-10 14:00:00', '2025-07-15 12:00:00', 2, 20000.00),
    (4, 4, 104, 4, '2025-08-01 14:00:00', '2025-08-03 12:00:00', 1, 3200.00),
    (5, 5, 105, 5, '2025-09-01 14:00:00', '2025-09-05 12:00:00', 2, 10800.00),
    (6, 6, 106, 6, '2025-10-01 14:00:00', '2025-10-02 12:00:00', 2, 3500.00),
    (7, 7, 107, 7, '2025-11-01 14:00:00', '2025-11-03 12:00:00', 2, 9000.00);

-- Вставка даних у таблицю Client_Service
INSERT INTO Client_Service (ID_client_service, ID_client, ID_service, service_date, cost)
VALUES 
    (1, 1, 1, '2025-05-16 08:00:00', 200.00),
    (2, 2, 2, '2025-06-01 10:00:00', 500.00),
    (3, 3, 3, '2025-07-11 09:00:00', 1000.00),
    (4, 4, 4, '2025-08-02 15:00:00', 1500.00),
    (5, 5, 5, '2025-09-02 12:00:00', 300.00),
    (6, 6, 1, '2025-10-01 08:00:00', 200.00),
    (7, 7, 2, '2025-11-01 10:00:00', 500.00);

-- Вставка даних у таблицю Complaint
INSERT INTO Complaint (ID_complaint, ID_client, complaint_date, description)
VALUES 
    (1, 1, '2025-05-16 10:00:00', 'Номер не прибраний'),
    (2, 2, '2025-06-02 12:00:00', 'Шумно вночі'),
    (3, 3, '2025-07-11 14:00:00', 'Не працює кондиціонер'),
    (4, 4, '2025-08-02 16:00:00', 'Повільне обслуговування'),
    (5, 5, '2025-09-02 11:00:00', 'Проблеми з Wi-Fi'),
    (6, 6, '2025-10-01 15:00:00', 'Нема гарячої води');

-- Вставка даних у таблицю Room_Statistics
INSERT INTO Room_Statistics (ID_stat, ID_room, booking_count, popularity_score)
VALUES 
    (1, 101, 20, 8.50),
    (2, 102, 15, 7.75),
    (3, 103, 25, 9.20),
    (4, 104, 10, 6.80),
    (5, 105, 18, 8.10),
    (6, 106, 12, 7.30),
    (7, 107, 22, 9.50);